{"Version":1,"ManifestType":"Publish","Endpoints":[{"Route":"assets/index-B5L2YKSc.600rd42t33.css","AssetFile":"assets/index-B5L2YKSc.css.br","Selectors":[{"Name":"Content-Encoding","Value":"br","Quality":"0.000037673297"}],"ResponseHeaders":[{"Name":"Cache-Control","Value":"max-age=31536000, immutable"},{"Name":"Content-Encoding","Value":"br"},{"Name":"Content-Length","Value":"26543"},{"Name":"Content-Type","Value":"text/css"},{"Name":"ETag","Value":"\"70TBaWVrIfNdlOBjrQTknKVWfLtOf+WZg1JbzPXWXLo=\""},{"Name":"ETag","Value":"W/\"OqpaFM441FC94+bq2SMngkwjZ+XgilgbcwdzGkhdx3Y=\""},{"Name":"Last-Modified","Value":"Wed, 10 Dec 2025 16:20:31 GMT"},{"Name":"Vary","Value":"Accept-Encoding"}],"EndpointProperties":[{"Name":"fingerprint","Value":"600rd42t33"},{"Name":"integrity","Value":"sha256-OqpaFM441FC94+bq2SMngkwjZ+XgilgbcwdzGkhdx3Y="},{"Name":"label","Value":"assets/index-B5L2YKSc.css"}]},{"Route":"assets/index-B5L2YKSc.600rd42t33.css","AssetFile":"assets/index-B5L2YKSc.css.gz","Selectors":[{"Name":"Content-Encoding","Value":"gzip","Quality":"0.000028246194"}],"ResponseHeaders":[{"Name":"Cache-Control","Value":"max-age=31536000, immutable"},{"Name":"Content-Encoding","Value":"gzip"},{"Name":"Content-Length","Value":"35402"},{"Name":"Content-Type","Value":"text/css"},{"Name":"ETag","Value":"\"zoCjp7vwpDXn0sOpmcpx0NKSZr+n9rCdja8wQNBPCmQ=\""},{"Name":"ETag","Value":"W/\"OqpaFM441FC94+bq2SMngkwjZ+XgilgbcwdzGkhdx3Y=\""},{"Name":"Last-Modified","Value":"Wed, 10 Dec 2025 16:20:20 GMT"},{"Name":"Vary","Value":"Accept-Encoding"}],"EndpointProperties":[{"Name":"fingerprint","Value":"600rd42t33"},{"Name":"integrity","Value":"sha256-OqpaFM441FC94+bq2SMngkwjZ+XgilgbcwdzGkhdx3Y="},{"Name":"label","Value":"assets/index-B5L2YKSc.css"}]},{"Route":"assets/index-B5L2YKSc.600rd42t33.css","AssetFile":"assets/index-B5L2YKSc.css","Selectors":[],"ResponseHeaders":[{"Name":"Cache-Control","Value":"max-age=31536000, immutable"},{"Name":"Content-Length","Value":"224848"},{"Name":"Content-Type","Value":"text/css"},{"Name":"ETag","Value":"\"OqpaFM441FC94+bq2SMngkwjZ+XgilgbcwdzGkhdx3Y=\""},{"Name":"Last-Modified","Value":"Wed, 10 Dec 2025 16:09:02 GMT"},{"Name":"Vary","Value":"Accept-Encoding"}],"EndpointProperties":[{"Name":"fingerprint","Value":"600rd42t33"},{"Name":"integrity","Value":"sha256-OqpaFM441FC94+bq2SMngkwjZ+XgilgbcwdzGkhdx3Y="},{"Name":"label","Value":"assets/index-B5L2YKSc.css"}]},{"Route":"assets/index-B5L2YKSc.600rd42t33.css.br","AssetFile":"assets/index-B5L2YKSc.css.br","Selectors":[],"ResponseHeaders":[{"Name":"Cache-Control","Value":"max-age=31536000, immutable"},{"Name":"Content-Encoding","Value":"br"},{"Name":"Content-Length","Value":"26543"},{"Name":"Content-Type","Value":"text/css"},{"Name":"ETag","Value":"\"70TBaWVrIfNdlOBjrQTknKVWfLtOf+WZg1JbzPXWXLo=\""},{"Name":"Last-Modified","Value":"Wed, 10 Dec 2025 16:20:31 GMT"},{"Name":"Vary","Value":"Accept-Encoding"}],"EndpointProperties":[{"Name":"fingerprint","Value":"600rd42t33"},{"Name":"integrity","Value":"sha256-70TBaWVrIfNdlOBjrQTknKVWfLtOf+WZg1JbzPXWXLo="},{"Name":"label","Value":"assets/index-B5L2YKSc.css.br"}]},{"Route":"assets/index-B5L2YKSc.600rd42t33.css.gz","AssetFile":"assets/index-B5L2YKSc.css.gz","Selectors":[],"ResponseHeaders":[{"Name":"Cache-Control","Value":"max-age=31536000, immutable"},{"Name":"Content-Encoding","Value":"gzip"},{"Name":"Content-Length","Value":"35402"},{"Name":"Content-Type","Value":"text/css"},{"Name":"ETag","Value":"\"zoCjp7vwpDXn0sOpmcpx0NKSZr+n9rCdja8wQNBPCmQ=\""},{"Name":"Last-Modified","Value":"Wed, 10 Dec 2025 16:20:20 GMT"},{"Name":"Vary","Value":"Accept-Encoding"}],"EndpointProperties":[{"Name":"fingerprint","Value":"600rd42t33"},{"Name":"integrity","Value":"sha256-zoCjp7vwpDXn0sOpmcpx0NKSZr+n9rCdja8wQNBPCmQ="},{"Name":"label","Value":"assets/index-B5L2YKSc.css.gz"}]},{"Route":"assets/index-B5L2YKSc.css","AssetFile":"assets/index-B5L2YKSc.css.br","Selectors":[{"Name":"Content-Encoding","Value":"br","Quality":"0.000037673297"}],"ResponseHeaders":[{"Name":"Cache-Control","Value":"no-cache"},{"Name":"Content-Encoding","Value":"br"},{"Name":"Content-Length","Value":"26543"},{"Name":"Content-Type","Value":"text/css"},{"Name":"ETag","Value":"\"70TBaWVrIfNdlOBjrQTknKVWfLtOf+WZg1JbzPXWXLo=\""},{"Name":"ETag","Value":"W/\"OqpaFM441FC94+bq2SMngkwjZ+XgilgbcwdzGkhdx3Y=\""},{"Name":"Last-Modified","Value":"Wed, 10 Dec 2025 16:20:31 GMT"},{"Name":"Vary","Value":"Accept-Encoding"}],"EndpointProperties":[{"Name":"integrity","Value":"sha256-OqpaFM441FC94+bq2SMngkwjZ+XgilgbcwdzGkhdx3Y="}]},{"Route":"assets/index-B5L2YKSc.css","AssetFile":"assets/index-B5L2YKSc.css.gz","Selectors":[{"Name":"Content-Encoding","Value":"gzip","Quality":"0.000028246194"}],"ResponseHeaders":[{"Name":"Cache-Control","Value":"no-cache"},{"Name":"Content-Encoding","Value":"gzip"},{"Name":"Content-Length","Value":"35402"},{"Name":"Content-Type","Value":"text/css"},{"Name":"ETag","Value":"\"zoCjp7vwpDXn0sOpmcpx0NKSZr+n9rCdja8wQNBPCmQ=\""},{"Name":"ETag","Value":"W/\"OqpaFM441FC94+bq2SMngkwjZ+XgilgbcwdzGkhdx3Y=\""},{"Name":"Last-Modified","Value":"Wed, 10 Dec 2025 16:20:20 GMT"},{"Name":"Vary","Value":"Accept-Encoding"}],"EndpointProperties":[{"Name":"integrity","Value":"sha256-OqpaFM441FC94+bq2SMngkwjZ+XgilgbcwdzGkhdx3Y="}]},{"Route":"assets/index-B5L2YKSc.css","AssetFile":"assets/index-B5L2YKSc.css","Selectors":[],"ResponseHeaders":[{"Name":"Cache-Control","Value":"no-cache"},{"Name":"Content-Length","Value":"224848"},{"Name":"Content-Type","Value":"text/css"},{"Name":"ETag","Value":"\"OqpaFM441FC94+bq2SMngkwjZ+XgilgbcwdzGkhdx3Y=\""},{"Name":"Last-Modified","Value":"Wed, 10 Dec 2025 16:09:02 GMT"},{"Name":"Vary","Value":"Accept-Encoding"}],"EndpointProperties":[{"Name":"integrity","Value":"sha256-OqpaFM441FC94+bq2SMngkwjZ+XgilgbcwdzGkhdx3Y="}]},{"Route":"assets/index-B5L2YKSc.css.br","AssetFile":"assets/index-B5L2YKSc.css.br","Selectors":[],"ResponseHeaders":[{"Name":"Cache-Control","Value":"no-cache"},{"Name":"Content-Encoding","Value":"br"},{"Name":"Content-Length","Value":"26543"},{"Name":"Content-Type","Value":"text/css"},{"Name":"ETag","Value":"\"70TBaWVrIfNdlOBjrQTknKVWfLtOf+WZg1JbzPXWXLo=\""},{"Name":"Last-Modified","Value":"Wed, 10 Dec 2025 16:20:31 GMT"},{"Name":"Vary","Value":"Accept-Encoding"}],"EndpointProperties":[{"Name":"integrity","Value":"sha256-70TBaWVrIfNdlOBjrQTknKVWfLtOf+WZg1JbzPXWXLo="}]},{"Route":"assets/index-B5L2YKSc.css.gz","AssetFile":"assets/index-B5L2YKSc.css.gz","Selectors":[],"ResponseHeaders":[{"Name":"Cache-Control","Value":"no-cache"},{"Name":"Content-Encoding","Value":"gzip"},{"Name":"Content-Length","Value":"35402"},{"Name":"Content-Type","Value":"text/css"},{"Name":"ETag","Value":"\"zoCjp7vwpDXn0sOpmcpx0NKSZr+n9rCdja8wQNBPCmQ=\""},{"Name":"Last-Modified","Value":"Wed, 10 Dec 2025 16:20:20 GMT"},{"Name":"Vary","Value":"Accept-Encoding"}],"EndpointProperties":[{"Name":"integrity","Value":"sha256-zoCjp7vwpDXn0sOpmcpx0NKSZr+n9rCdja8wQNBPCmQ="}]},{"Route":"assets/index-sfDfcFro.4x2bhdp5c1.js","AssetFile":"assets/index-sfDfcFro.js.br","Selectors":[{"Name":"Content-Encoding","Value":"br","Quality":"0.000001801860"}],"ResponseHeaders":[{"Name":"Cache-Control","Value":"max-age=31536000, immutable"},{"Name":"Content-Encoding","Value":"br"},{"Name":"Content-Length","Value":"554981"},{"Name":"Content-Type","Value":"text/javascript"},{"Name":"ETag","Value":"\"YPWXLmfHbuSK50P8LgXbEx47cjqqGefpA6LtD557r+Q=\""},{"Name":"ETag","Value":"W/\"eEfaHc2t3/3lGaqq/K2mamOASyWohKyIDW6gudiP/qY=\""},{"Name":"Last-Modified","Value":"Wed, 10 Dec 2025 16:20:35 GMT"},{"Name":"Vary","Value":"Accept-Encoding"}],"EndpointProperties":[{"Name":"fingerprint","Value":"4x2bhdp5c1"},{"Name":"integrity","Value":"sha256-eEfaHc2t3/3lGaqq/K2mamOASyWohKyIDW6gudiP/qY="},{"Name":"label","Value":"assets/index-sfDfcFro.js"}]},{"Route":"assets/index-sfDfcFro.4x2bhdp5c1.js","AssetFile":"assets/index-sfDfcFro.js.gz","Selectors":[{"Name":"Content-Encoding","Value":"gzip","Quality":"0.000001444684"}],"ResponseHeaders":[{"Name":"Cache-Control","Value":"max-age=31536000, immutable"},{"Name":"Content-Encoding","Value":"gzip"},{"Name":"Content-Length","Value":"692192"},{"Name":"Content-Type","Value":"text/javascript"},{"Name":"ETag","Value":"\"KVbXgD2j9sHNkBjNmeyUkKdwSZDdFuBuyTJY7sUqTHg=\""},{"Name":"ETag","Value":"W/\"eEfaHc2t3/3lGaqq/K2mamOASyWohKyIDW6gudiP/qY=\""},{"Name":"Last-Modified","Value":"Wed, 10 Dec 2025 16:20:20 GMT"},{"Name":"Vary","Value":"Accept-Encoding"}],"EndpointProperties":[{"Name":"fingerprint","Value":"4x2bhdp5c1"},{"Name":"integrity","Value":"sha256-eEfaHc2t3/3lGaqq/K2mamOASyWohKyIDW6gudiP/qY="},{"Name":"label","Value":"assets/index-sfDfcFro.js"}]},{"Route":"assets/index-sfDfcFro.4x2bhdp5c1.js","AssetFile":"assets/index-sfDfcFro.js","Selectors":[],"ResponseHeaders":[{"Name":"Cache-Control","Value":"max-age=31536000, immutable"},{"Name":"Content-Length","Value":"2396296"},{"Name":"Content-Type","Value":"text/javascript"},{"Name":"ETag","Value":"\"eEfaHc2t3/3lGaqq/K2mamOASyWohKyIDW6gudiP/qY=\""},{"Name":"Last-Modified","Value":"Wed, 10 Dec 2025 16:09:02 GMT"},{"Name":"Vary","Value":"Accept-Encoding"}],"EndpointProperties":[{"Name":"fingerprint","Value":"4x2bhdp5c1"},{"Name":"integrity","Value":"sha256-eEfaHc2t3/3lGaqq/K2mamOASyWohKyIDW6gudiP/qY="},{"Name":"label","Value":"assets/index-sfDfcFro.js"}]},{"Route":"assets/index-sfDfcFro.4x2bhdp5c1.js.br","AssetFile":"assets/index-sfDfcFro.js.br","Selectors":[],"ResponseHeaders":[{"Name":"Cache-Control","Value":"max-age=31536000, immutable"},{"Name":"Content-Encoding","Value":"br"},{"Name":"Content-Length","Value":"554981"},{"Name":"Content-Type","Value":"text/javascript"},{"Name":"ETag","Value":"\"YPWXLmfHbuSK50P8LgXbEx47cjqqGefpA6LtD557r+Q=\""},{"Name":"Last-Modified","Value":"Wed, 10 Dec 2025 16:20:35 GMT"},{"Name":"Vary","Value":"Accept-Encoding"}],"EndpointProperties":[{"Name":"fingerprint","Value":"4x2bhdp5c1"},{"Name":"integrity","Value":"sha256-YPWXLmfHbuSK50P8LgXbEx47cjqqGefpA6LtD557r+Q="},{"Name":"label","Value":"assets/index-sfDfcFro.js.br"}]},{"Route":"assets/index-sfDfcFro.4x2bhdp5c1.js.gz","AssetFile":"assets/index-sfDfcFro.js.gz","Selectors":[],"ResponseHeaders":[{"Name":"Cache-Control","Value":"max-age=31536000, immutable"},{"Name":"Content-Encoding","Value":"gzip"},{"Name":"Content-Length","Value":"692192"},{"Name":"Content-Type","Value":"text/javascript"},{"Name":"ETag","Value":"\"KVbXgD2j9sHNkBjNmeyUkKdwSZDdFuBuyTJY7sUqTHg=\""},{"Name":"Last-Modified","Value":"Wed, 10 Dec 2025 16:20:20 GMT"},{"Name":"Vary","Value":"Accept-Encoding"}],"EndpointProperties":[{"Name":"fingerprint","Value":"4x2bhdp5c1"},{"Name":"integrity","Value":"sha256-KVbXgD2j9sHNkBjNmeyUkKdwSZDdFuBuyTJY7sUqTHg="},{"Name":"label","Value":"assets/index-sfDfcFro.js.gz"}]},{"Route":"assets/index-sfDfcFro.js","AssetFile":"assets/index-sfDfcFro.js.br","Selectors":[{"Name":"Content-Encoding","Value":"br","Quality":"0.000001801860"}],"ResponseHeaders":[{"Name":"Cache-Control","Value":"no-cache"},{"Name":"Content-Encoding","Value":"br"},{"Name":"Content-Length","Value":"554981"},{"Name":"Content-Type","Value":"text/javascript"},{"Name":"ETag","Value":"\"YPWXLmfHbuSK50P8LgXbEx47cjqqGefpA6LtD557r+Q=\""},{"Name":"ETag","Value":"W/\"eEfaHc2t3/3lGaqq/K2mamOASyWohKyIDW6gudiP/qY=\""},{"Name":"Last-Modified","Value":"Wed, 10 Dec 2025 16:20:35 GMT"},{"Name":"Vary","Value":"Accept-Encoding"}],"EndpointProperties":[{"Name":"integrity","Value":"sha256-eEfaHc2t3/3lGaqq/K2mamOASyWohKyIDW6gudiP/qY="}]},{"Route":"assets/index-sfDfcFro.js","AssetFile":"assets/index-sfDfcFro.js.gz","Selectors":[{"Name":"Content-Encoding","Value":"gzip","Quality":"0.000001444684"}],"ResponseHeaders":[{"Name":"Cache-Control","Value":"no-cache"},{"Name":"Content-Encoding","Value":"gzip"},{"Name":"Content-Length","Value":"692192"},{"Name":"Content-Type","Value":"text/javascript"},{"Name":"ETag","Value":"\"KVbXgD2j9sHNkBjNmeyUkKdwSZDdFuBuyTJY7sUqTHg=\""},{"Name":"ETag","Value":"W/\"eEfaHc2t3/3lGaqq/K2mamOASyWohKyIDW6gudiP/qY=\""},{"Name":"Last-Modified","Value":"Wed, 10 Dec 2025 16:20:20 GMT"},{"Name":"Vary","Value":"Accept-Encoding"}],"EndpointProperties":[{"Name":"integrity","Value":"sha256-eEfaHc2t3/3lGaqq/K2mamOASyWohKyIDW6gudiP/qY="}]},{"Route":"assets/index-sfDfcFro.js","AssetFile":"assets/index-sfDfcFro.js","Selectors":[],"ResponseHeaders":[{"Name":"Cache-Control","Value":"no-cache"},{"Name":"Content-Length","Value":"2396296"},{"Name":"Content-Type","Value":"text/javascript"},{"Name":"ETag","Value":"\"eEfaHc2t3/3lGaqq/K2mamOASyWohKyIDW6gudiP/qY=\""},{"Name":"Last-Modified","Value":"Wed, 10 Dec 2025 16:09:02 GMT"},{"Name":"Vary","Value":"Accept-Encoding"}],"EndpointProperties":[{"Name":"integrity","Value":"sha256-eEfaHc2t3/3lGaqq/K2mamOASyWohKyIDW6gudiP/qY="}]},{"Route":"assets/index-sfDfcFro.js.br","AssetFile":"assets/index-sfDfcFro.js.br","Selectors":[],"ResponseHeaders":[{"Name":"Cache-Control","Value":"no-cache"},{"Name":"Content-Encoding","Value":"br"},{"Name":"Content-Length","Value":"554981"},{"Name":"Content-Type","Value":"text/javascript"},{"Name":"ETag","Value":"\"YPWXLmfHbuSK50P8LgXbEx47cjqqGefpA6LtD557r+Q=\""},{"Name":"Last-Modified","Value":"Wed, 10 Dec 2025 16:20:35 GMT"},{"Name":"Vary","Value":"Accept-Encoding"}],"EndpointProperties":[{"Name":"integrity","Value":"sha256-YPWXLmfHbuSK50P8LgXbEx47cjqqGefpA6LtD557r+Q="}]},{"Route":"assets/index-sfDfcFro.js.gz","AssetFile":"assets/index-sfDfcFro.js.gz","Selectors":[],"ResponseHeaders":[{"Name":"Cache-Control","Value":"no-cache"},{"Name":"Content-Encoding","Value":"gzip"},{"Name":"Content-Length","Value":"692192"},{"Name":"Content-Type","Value":"text/javascript"},{"Name":"ETag","Value":"\"KVbXgD2j9sHNkBjNmeyUkKdwSZDdFuBuyTJY7sUqTHg=\""},{"Name":"Last-Modified","Value":"Wed, 10 Dec 2025 16:20:20 GMT"},{"Name":"Vary","Value":"Accept-Encoding"}],"EndpointProperties":[{"Name":"integrity","Value":"sha256-KVbXgD2j9sHNkBjNmeyUkKdwSZDdFuBuyTJY7sUqTHg="}]},{"Route":"index.cv2aqrszum.html","AssetFile":"index.html.br","Selectors":[{"Name":"Content-Encoding","Value":"br","Quality":"0.003690036900"}],"ResponseHeaders":[{"Name":"Cache-Control","Value":"max-age=31536000, immutable"},{"Name":"Content-Encoding","Value":"br"},{"Name":"Content-Length","Value":"270"},{"Name":"Content-Type","Value":"text/html"},{"Name":"ETag","Value":"\"/abC7o6REcuMvagwiE+DNinUh4VLqeWjK4suALyu/wA=\""},{"Name":"ETag","Value":"W/\"+KwwPbz7LCKe+B0uKOgKtLXedVJ9dbxuGsNmIJIt1z0=\""},{"Name":"Last-Modified","Value":"Wed, 10 Dec 2025 16:20:31 GMT"},{"Name":"Vary","Value":"Accept-Encoding"}],"EndpointProperties":[{"Name":"fingerprint","Value":"cv2aqrszum"},{"Name":"integrity","Value":"sha256-+KwwPbz7LCKe+B0uKOgKtLXedVJ9dbxuGsNmIJIt1z0="},{"Name":"label","Value":"index.html"}]},{"Route":"index.cv2aqrszum.html","AssetFile":"index.html.gz","Selectors":[{"Name":"Content-Encoding","Value":"gzip","Quality":"0.002398081535"}],"ResponseHeaders":[{"Name":"Cache-Control","Value":"max-age=31536000, immutable"},{"Name":"Content-Encoding","Value":"gzip"},{"Name":"Content-Length","Value":"416"},{"Name":"Content-Type","Value":"text/html"},{"Name":"ETag","Value":"\"XHpxe6/w8SGVBlYnocvn2ExntvkRqonA18f6LAJKtpQ=\""},{"Name":"ETag","Value":"W/\"+KwwPbz7LCKe+B0uKOgKtLXedVJ9dbxuGsNmIJIt1z0=\""},{"Name":"Last-Modified","Value":"Wed, 10 Dec 2025 16:20:20 GMT"},{"Name":"Vary","Value":"Accept-Encoding"}],"EndpointProperties":[{"Name":"fingerprint","Value":"cv2aqrszum"},{"Name":"integrity","Value":"sha256-+KwwPbz7LCKe+B0uKOgKtLXedVJ9dbxuGsNmIJIt1z0="},{"Name":"label","Value":"index.html"}]},{"Route":"index.cv2aqrszum.html","AssetFile":"index.html","Selectors":[],"ResponseHeaders":[{"Name":"Cache-Control","Value":"max-age=31536000, immutable"},{"Name":"Content-Length","Value":"752"},{"Name":"Content-Type","Value":"text/html"},{"Name":"ETag","Value":"\"+KwwPbz7LCKe+B0uKOgKtLXedVJ9dbxuGsNmIJIt1z0=\""},{"Name":"Last-Modified","Value":"Wed, 10 Dec 2025 16:09:02 GMT"},{"Name":"Vary","Value":"Accept-Encoding"}],"EndpointProperties":[{"Name":"fingerprint","Value":"cv2aqrszum"},{"Name":"integrity","Value":"sha256-+KwwPbz7LCKe+B0uKOgKtLXedVJ9dbxuGsNmIJIt1z0="},{"Name":"label","Value":"index.html"}]},{"Route":"index.cv2aqrszum.html.br","AssetFile":"index.html.br","Selectors":[],"ResponseHeaders":[{"Name":"Cache-Control","Value":"max-age=31536000, immutable"},{"Name":"Content-Encoding","Value":"br"},{"Name":"Content-Length","Value":"270"},{"Name":"Content-Type","Value":"text/html"},{"Name":"ETag","Value":"\"/abC7o6REcuMvagwiE+DNinUh4VLqeWjK4suALyu/wA=\""},{"Name":"Last-Modified","Value":"Wed, 10 Dec 2025 16:20:31 GMT"},{"Name":"Vary","Value":"Accept-Encoding"}],"EndpointProperties":[{"Name":"fingerprint","Value":"cv2aqrszum"},{"Name":"integrity","Value":"sha256-/abC7o6REcuMvagwiE+DNinUh4VLqeWjK4suALyu/wA="},{"Name":"label","Value":"index.html.br"}]},{"Route":"index.cv2aqrszum.html.gz","AssetFile":"index.html.gz","Selectors":[],"ResponseHeaders":[{"Name":"Cache-Control","Value":"max-age=31536000, immutable"},{"Name":"Content-Encoding","Value":"gzip"},{"Name":"Content-Length","Value":"416"},{"Name":"Content-Type","Value":"text/html"},{"Name":"ETag","Value":"\"XHpxe6/w8SGVBlYnocvn2ExntvkRqonA18f6LAJKtpQ=\""},{"Name":"Last-Modified","Value":"Wed, 10 Dec 2025 16:20:20 GMT"},{"Name":"Vary","Value":"Accept-Encoding"}],"EndpointProperties":[{"Name":"fingerprint","Value":"cv2aqrszum"},{"Name":"integrity","Value":"sha256-XHpxe6/w8SGVBlYnocvn2ExntvkRqonA18f6LAJKtpQ="},{"Name":"label","Value":"index.html.gz"}]},{"Route":"index.html","AssetFile":"index.html.br","Selectors":[{"Name":"Content-Encoding","Value":"br","Quality":"0.003690036900"}],"ResponseHeaders":[{"Name":"Cache-Control","Value":"no-cache"},{"Name":"Content-Encoding","Value":"br"},{"Name":"Content-Length","Value":"270"},{"Name":"Content-Type","Value":"text/html"},{"Name":"ETag","Value":"\"/abC7o6REcuMvagwiE+DNinUh4VLqeWjK4suALyu/wA=\""},{"Name":"ETag","Value":"W/\"+KwwPbz7LCKe+B0uKOgKtLXedVJ9dbxuGsNmIJIt1z0=\""},{"Name":"Last-Modified","Value":"Wed, 10 Dec 2025 16:20:31 GMT"},{"Name":"Vary","Value":"Accept-Encoding"}],"EndpointProperties":[{"Name":"integrity","Value":"sha256-+KwwPbz7LCKe+B0uKOgKtLXedVJ9dbxuGsNmIJIt1z0="}]},{"Route":"index.html","AssetFile":"index.html.gz","Selectors":[{"Name":"Content-Encoding","Value":"gzip","Quality":"0.002398081535"}],"ResponseHeaders":[{"Name":"Cache-Control","Value":"no-cache"},{"Name":"Content-Encoding","Value":"gzip"},{"Name":"Content-Length","Value":"416"},{"Name":"Content-Type","Value":"text/html"},{"Name":"ETag","Value":"\"XHpxe6/w8SGVBlYnocvn2ExntvkRqonA18f6LAJKtpQ=\""},{"Name":"ETag","Value":"W/\"+KwwPbz7LCKe+B0uKOgKtLXedVJ9dbxuGsNmIJIt1z0=\""},{"Name":"Last-Modified","Value":"Wed, 10 Dec 2025 16:20:20 GMT"},{"Name":"Vary","Value":"Accept-Encoding"}],"EndpointProperties":[{"Name":"integrity","Value":"sha256-+KwwPbz7LCKe+B0uKOgKtLXedVJ9dbxuGsNmIJIt1z0="}]},{"Route":"index.html","AssetFile":"index.html","Selectors":[],"ResponseHeaders":[{"Name":"Cache-Control","Value":"no-cache"},{"Name":"Content-Length","Value":"752"},{"Name":"Content-Type","Value":"text/html"},{"Name":"ETag","Value":"\"+KwwPbz7LCKe+B0uKOgKtLXedVJ9dbxuGsNmIJIt1z0=\""},{"Name":"Last-Modified","Value":"Wed, 10 Dec 2025 16:09:02 GMT"},{"Name":"Vary","Value":"Accept-Encoding"}],"EndpointProperties":[{"Name":"integrity","Value":"sha256-+KwwPbz7LCKe+B0uKOgKtLXedVJ9dbxuGsNmIJIt1z0="}]},{"Route":"index.html.br","AssetFile":"index.html.br","Selectors":[],"ResponseHeaders":[{"Name":"Cache-Control","Value":"no-cache"},{"Name":"Content-Encoding","Value":"br"},{"Name":"Content-Length","Value":"270"},{"Name":"Content-Type","Value":"text/html"},{"Name":"ETag","Value":"\"/abC7o6REcuMvagwiE+DNinUh4VLqeWjK4suALyu/wA=\""},{"Name":"Last-Modified","Value":"Wed, 10 Dec 2025 16:20:31 GMT"},{"Name":"Vary","Value":"Accept-Encoding"}],"EndpointProperties":[{"Name":"integrity","Value":"sha256-/abC7o6REcuMvagwiE+DNinUh4VLqeWjK4suALyu/wA="}]},{"Route":"index.html.gz","AssetFile":"index.html.gz","Selectors":[],"ResponseHeaders":[{"Name":"Cache-Control","Value":"no-cache"},{"Name":"Content-Encoding","Value":"gzip"},{"Name":"Content-Length","Value":"416"},{"Name":"Content-Type","Value":"text/html"},{"Name":"ETag","Value":"\"XHpxe6/w8SGVBlYnocvn2ExntvkRqonA18f6LAJKtpQ=\""},{"Name":"Last-Modified","Value":"Wed, 10 Dec 2025 16:20:20 GMT"},{"Name":"Vary","Value":"Accept-Encoding"}],"EndpointProperties":[{"Name":"integrity","Value":"sha256-XHpxe6/w8SGVBlYnocvn2ExntvkRqonA18f6LAJKtpQ="}]}]}