{"Version":1,"ManifestType":"Publish","Endpoints":[{"Route":"assets/index-BRfHuOG_.js","AssetFile":"assets/index-BRfHuOG_.js.br","Selectors":[{"Name":"Content-Encoding","Value":"br","Quality":"0.000001804934"}],"ResponseHeaders":[{"Name":"Cache-Control","Value":"no-cache"},{"Name":"Content-Encoding","Value":"br"},{"Name":"Content-Length","Value":"554036"},{"Name":"Content-Type","Value":"text/javascript"},{"Name":"ETag","Value":"\"/VMO+hnBSYqz6/IDyk2pAUr5WO1Uu5EFyPn7y45tsog=\""},{"Name":"ETag","Value":"W/\"ajlizb94+qUrwBV5o3IqmamRS9OwfHK1fNHRGT9/wuU=\""},{"Name":"Last-Modified","Value":"Mon, 08 Dec 2025 21:02:38 GMT"},{"Name":"Vary","Value":"Accept-Encoding"}],"EndpointProperties":[{"Name":"integrity","Value":"sha256-ajlizb94+qUrwBV5o3IqmamRS9OwfHK1fNHRGT9/wuU="}]},{"Route":"assets/index-BRfHuOG_.js","AssetFile":"assets/index-BRfHuOG_.js.gz","Selectors":[{"Name":"Content-Encoding","Value":"gzip","Quality":"0.000001446339"}],"ResponseHeaders":[{"Name":"Cache-Control","Value":"no-cache"},{"Name":"Content-Encoding","Value":"gzip"},{"Name":"Content-Length","Value":"691400"},{"Name":"Content-Type","Value":"text/javascript"},{"Name":"ETag","Value":"\"mX7MUEdwxhlMDjehtDpFaQOWXe7be62Ii4ZPIpgjXK0=\""},{"Name":"ETag","Value":"W/\"ajlizb94+qUrwBV5o3IqmamRS9OwfHK1fNHRGT9/wuU=\""},{"Name":"Last-Modified","Value":"Mon, 08 Dec 2025 21:01:52 GMT"},{"Name":"Vary","Value":"Accept-Encoding"}],"EndpointProperties":[{"Name":"integrity","Value":"sha256-ajlizb94+qUrwBV5o3IqmamRS9OwfHK1fNHRGT9/wuU="}]},{"Route":"assets/index-BRfHuOG_.js","AssetFile":"assets/index-BRfHuOG_.js","Selectors":[],"ResponseHeaders":[{"Name":"Cache-Control","Value":"no-cache"},{"Name":"Content-Length","Value":"2393252"},{"Name":"Content-Type","Value":"text/javascript"},{"Name":"ETag","Value":"\"ajlizb94+qUrwBV5o3IqmamRS9OwfHK1fNHRGT9/wuU=\""},{"Name":"Last-Modified","Value":"Mon, 08 Dec 2025 20:45:13 GMT"},{"Name":"Vary","Value":"Accept-Encoding"}],"EndpointProperties":[{"Name":"integrity","Value":"sha256-ajlizb94+qUrwBV5o3IqmamRS9OwfHK1fNHRGT9/wuU="}]},{"Route":"assets/index-BRfHuOG_.js.br","AssetFile":"assets/index-BRfHuOG_.js.br","Selectors":[],"ResponseHeaders":[{"Name":"Cache-Control","Value":"no-cache"},{"Name":"Content-Encoding","Value":"br"},{"Name":"Content-Length","Value":"554036"},{"Name":"Content-Type","Value":"text/javascript"},{"Name":"ETag","Value":"\"/VMO+hnBSYqz6/IDyk2pAUr5WO1Uu5EFyPn7y45tsog=\""},{"Name":"Last-Modified","Value":"Mon, 08 Dec 2025 21:02:38 GMT"},{"Name":"Vary","Value":"Accept-Encoding"}],"EndpointProperties":[{"Name":"integrity","Value":"sha256-/VMO+hnBSYqz6/IDyk2pAUr5WO1Uu5EFyPn7y45tsog="}]},{"Route":"assets/index-BRfHuOG_.js.gz","AssetFile":"assets/index-BRfHuOG_.js.gz","Selectors":[],"ResponseHeaders":[{"Name":"Cache-Control","Value":"no-cache"},{"Name":"Content-Encoding","Value":"gzip"},{"Name":"Content-Length","Value":"691400"},{"Name":"Content-Type","Value":"text/javascript"},{"Name":"ETag","Value":"\"mX7MUEdwxhlMDjehtDpFaQOWXe7be62Ii4ZPIpgjXK0=\""},{"Name":"Last-Modified","Value":"Mon, 08 Dec 2025 21:01:52 GMT"},{"Name":"Vary","Value":"Accept-Encoding"}],"EndpointProperties":[{"Name":"integrity","Value":"sha256-mX7MUEdwxhlMDjehtDpFaQOWXe7be62Ii4ZPIpgjXK0="}]},{"Route":"assets/index-BRfHuOG_.q8bmn0a18y.js","AssetFile":"assets/index-BRfHuOG_.js.br","Selectors":[{"Name":"Content-Encoding","Value":"br","Quality":"0.000001804934"}],"ResponseHeaders":[{"Name":"Cache-Control","Value":"max-age=31536000, immutable"},{"Name":"Content-Encoding","Value":"br"},{"Name":"Content-Length","Value":"554036"},{"Name":"Content-Type","Value":"text/javascript"},{"Name":"ETag","Value":"\"/VMO+hnBSYqz6/IDyk2pAUr5WO1Uu5EFyPn7y45tsog=\""},{"Name":"ETag","Value":"W/\"ajlizb94+qUrwBV5o3IqmamRS9OwfHK1fNHRGT9/wuU=\""},{"Name":"Last-Modified","Value":"Mon, 08 Dec 2025 21:02:38 GMT"},{"Name":"Vary","Value":"Accept-Encoding"}],"EndpointProperties":[{"Name":"fingerprint","Value":"q8bmn0a18y"},{"Name":"integrity","Value":"sha256-ajlizb94+qUrwBV5o3IqmamRS9OwfHK1fNHRGT9/wuU="},{"Name":"label","Value":"assets/index-BRfHuOG_.js"}]},{"Route":"assets/index-BRfHuOG_.q8bmn0a18y.js","AssetFile":"assets/index-BRfHuOG_.js.gz","Selectors":[{"Name":"Content-Encoding","Value":"gzip","Quality":"0.000001446339"}],"ResponseHeaders":[{"Name":"Cache-Control","Value":"max-age=31536000, immutable"},{"Name":"Content-Encoding","Value":"gzip"},{"Name":"Content-Length","Value":"691400"},{"Name":"Content-Type","Value":"text/javascript"},{"Name":"ETag","Value":"\"mX7MUEdwxhlMDjehtDpFaQOWXe7be62Ii4ZPIpgjXK0=\""},{"Name":"ETag","Value":"W/\"ajlizb94+qUrwBV5o3IqmamRS9OwfHK1fNHRGT9/wuU=\""},{"Name":"Last-Modified","Value":"Mon, 08 Dec 2025 21:01:52 GMT"},{"Name":"Vary","Value":"Accept-Encoding"}],"EndpointProperties":[{"Name":"fingerprint","Value":"q8bmn0a18y"},{"Name":"integrity","Value":"sha256-ajlizb94+qUrwBV5o3IqmamRS9OwfHK1fNHRGT9/wuU="},{"Name":"label","Value":"assets/index-BRfHuOG_.js"}]},{"Route":"assets/index-BRfHuOG_.q8bmn0a18y.js","AssetFile":"assets/index-BRfHuOG_.js","Selectors":[],"ResponseHeaders":[{"Name":"Cache-Control","Value":"max-age=31536000, immutable"},{"Name":"Content-Length","Value":"2393252"},{"Name":"Content-Type","Value":"text/javascript"},{"Name":"ETag","Value":"\"ajlizb94+qUrwBV5o3IqmamRS9OwfHK1fNHRGT9/wuU=\""},{"Name":"Last-Modified","Value":"Mon, 08 Dec 2025 20:45:13 GMT"},{"Name":"Vary","Value":"Accept-Encoding"}],"EndpointProperties":[{"Name":"fingerprint","Value":"q8bmn0a18y"},{"Name":"integrity","Value":"sha256-ajlizb94+qUrwBV5o3IqmamRS9OwfHK1fNHRGT9/wuU="},{"Name":"label","Value":"assets/index-BRfHuOG_.js"}]},{"Route":"assets/index-BRfHuOG_.q8bmn0a18y.js.br","AssetFile":"assets/index-BRfHuOG_.js.br","Selectors":[],"ResponseHeaders":[{"Name":"Cache-Control","Value":"max-age=31536000, immutable"},{"Name":"Content-Encoding","Value":"br"},{"Name":"Content-Length","Value":"554036"},{"Name":"Content-Type","Value":"text/javascript"},{"Name":"ETag","Value":"\"/VMO+hnBSYqz6/IDyk2pAUr5WO1Uu5EFyPn7y45tsog=\""},{"Name":"Last-Modified","Value":"Mon, 08 Dec 2025 21:02:38 GMT"},{"Name":"Vary","Value":"Accept-Encoding"}],"EndpointProperties":[{"Name":"fingerprint","Value":"q8bmn0a18y"},{"Name":"integrity","Value":"sha256-/VMO+hnBSYqz6/IDyk2pAUr5WO1Uu5EFyPn7y45tsog="},{"Name":"label","Value":"assets/index-BRfHuOG_.js.br"}]},{"Route":"assets/index-BRfHuOG_.q8bmn0a18y.js.gz","AssetFile":"assets/index-BRfHuOG_.js.gz","Selectors":[],"ResponseHeaders":[{"Name":"Cache-Control","Value":"max-age=31536000, immutable"},{"Name":"Content-Encoding","Value":"gzip"},{"Name":"Content-Length","Value":"691400"},{"Name":"Content-Type","Value":"text/javascript"},{"Name":"ETag","Value":"\"mX7MUEdwxhlMDjehtDpFaQOWXe7be62Ii4ZPIpgjXK0=\""},{"Name":"Last-Modified","Value":"Mon, 08 Dec 2025 21:01:52 GMT"},{"Name":"Vary","Value":"Accept-Encoding"}],"EndpointProperties":[{"Name":"fingerprint","Value":"q8bmn0a18y"},{"Name":"integrity","Value":"sha256-mX7MUEdwxhlMDjehtDpFaQOWXe7be62Ii4ZPIpgjXK0="},{"Name":"label","Value":"assets/index-BRfHuOG_.js.gz"}]},{"Route":"assets/index-CwU-O_Th.46fvyvrhko.css","AssetFile":"assets/index-CwU-O_Th.css.br","Selectors":[{"Name":"Content-Encoding","Value":"br","Quality":"0.000037988148"}],"ResponseHeaders":[{"Name":"Cache-Control","Value":"max-age=31536000, immutable"},{"Name":"Content-Encoding","Value":"br"},{"Name":"Content-Length","Value":"26323"},{"Name":"Content-Type","Value":"text/css"},{"Name":"ETag","Value":"\"h/QLcaZilHkOXsOYkhkHdpW8QFrTRcuSZqU0Tyz5yHY=\""},{"Name":"ETag","Value":"W/\"jIxkGNT9Uj1aijYV0Muiqsf2DbQyvI/TWQbQMi9ZJ70=\""},{"Name":"Last-Modified","Value":"Mon, 08 Dec 2025 21:02:35 GMT"},{"Name":"Vary","Value":"Accept-Encoding"}],"EndpointProperties":[{"Name":"fingerprint","Value":"46fvyvrhko"},{"Name":"integrity","Value":"sha256-jIxkGNT9Uj1aijYV0Muiqsf2DbQyvI/TWQbQMi9ZJ70="},{"Name":"label","Value":"assets/index-CwU-O_Th.css"}]},{"Route":"assets/index-CwU-O_Th.46fvyvrhko.css","AssetFile":"assets/index-CwU-O_Th.css.gz","Selectors":[{"Name":"Content-Encoding","Value":"gzip","Quality":"0.000028319787"}],"ResponseHeaders":[{"Name":"Cache-Control","Value":"max-age=31536000, immutable"},{"Name":"Content-Encoding","Value":"gzip"},{"Name":"Content-Length","Value":"35310"},{"Name":"Content-Type","Value":"text/css"},{"Name":"ETag","Value":"\"ooJ9SFprcDWC219ezWhhhxk+lA7SpdVF80gNg9LOHm0=\""},{"Name":"ETag","Value":"W/\"jIxkGNT9Uj1aijYV0Muiqsf2DbQyvI/TWQbQMi9ZJ70=\""},{"Name":"Last-Modified","Value":"Mon, 08 Dec 2025 21:01:52 GMT"},{"Name":"Vary","Value":"Accept-Encoding"}],"EndpointProperties":[{"Name":"fingerprint","Value":"46fvyvrhko"},{"Name":"integrity","Value":"sha256-jIxkGNT9Uj1aijYV0Muiqsf2DbQyvI/TWQbQMi9ZJ70="},{"Name":"label","Value":"assets/index-CwU-O_Th.css"}]},{"Route":"assets/index-CwU-O_Th.46fvyvrhko.css","AssetFile":"assets/index-CwU-O_Th.css","Selectors":[],"ResponseHeaders":[{"Name":"Cache-Control","Value":"max-age=31536000, immutable"},{"Name":"Content-Length","Value":"223585"},{"Name":"Content-Type","Value":"text/css"},{"Name":"ETag","Value":"\"jIxkGNT9Uj1aijYV0Muiqsf2DbQyvI/TWQbQMi9ZJ70=\""},{"Name":"Last-Modified","Value":"Mon, 08 Dec 2025 20:45:13 GMT"},{"Name":"Vary","Value":"Accept-Encoding"}],"EndpointProperties":[{"Name":"fingerprint","Value":"46fvyvrhko"},{"Name":"integrity","Value":"sha256-jIxkGNT9Uj1aijYV0Muiqsf2DbQyvI/TWQbQMi9ZJ70="},{"Name":"label","Value":"assets/index-CwU-O_Th.css"}]},{"Route":"assets/index-CwU-O_Th.46fvyvrhko.css.br","AssetFile":"assets/index-CwU-O_Th.css.br","Selectors":[],"ResponseHeaders":[{"Name":"Cache-Control","Value":"max-age=31536000, immutable"},{"Name":"Content-Encoding","Value":"br"},{"Name":"Content-Length","Value":"26323"},{"Name":"Content-Type","Value":"text/css"},{"Name":"ETag","Value":"\"h/QLcaZilHkOXsOYkhkHdpW8QFrTRcuSZqU0Tyz5yHY=\""},{"Name":"Last-Modified","Value":"Mon, 08 Dec 2025 21:02:35 GMT"},{"Name":"Vary","Value":"Accept-Encoding"}],"EndpointProperties":[{"Name":"fingerprint","Value":"46fvyvrhko"},{"Name":"integrity","Value":"sha256-h/QLcaZilHkOXsOYkhkHdpW8QFrTRcuSZqU0Tyz5yHY="},{"Name":"label","Value":"assets/index-CwU-O_Th.css.br"}]},{"Route":"assets/index-CwU-O_Th.46fvyvrhko.css.gz","AssetFile":"assets/index-CwU-O_Th.css.gz","Selectors":[],"ResponseHeaders":[{"Name":"Cache-Control","Value":"max-age=31536000, immutable"},{"Name":"Content-Encoding","Value":"gzip"},{"Name":"Content-Length","Value":"35310"},{"Name":"Content-Type","Value":"text/css"},{"Name":"ETag","Value":"\"ooJ9SFprcDWC219ezWhhhxk+lA7SpdVF80gNg9LOHm0=\""},{"Name":"Last-Modified","Value":"Mon, 08 Dec 2025 21:01:52 GMT"},{"Name":"Vary","Value":"Accept-Encoding"}],"EndpointProperties":[{"Name":"fingerprint","Value":"46fvyvrhko"},{"Name":"integrity","Value":"sha256-ooJ9SFprcDWC219ezWhhhxk+lA7SpdVF80gNg9LOHm0="},{"Name":"label","Value":"assets/index-CwU-O_Th.css.gz"}]},{"Route":"assets/index-CwU-O_Th.css","AssetFile":"assets/index-CwU-O_Th.css.br","Selectors":[{"Name":"Content-Encoding","Value":"br","Quality":"0.000037988148"}],"ResponseHeaders":[{"Name":"Cache-Control","Value":"no-cache"},{"Name":"Content-Encoding","Value":"br"},{"Name":"Content-Length","Value":"26323"},{"Name":"Content-Type","Value":"text/css"},{"Name":"ETag","Value":"\"h/QLcaZilHkOXsOYkhkHdpW8QFrTRcuSZqU0Tyz5yHY=\""},{"Name":"ETag","Value":"W/\"jIxkGNT9Uj1aijYV0Muiqsf2DbQyvI/TWQbQMi9ZJ70=\""},{"Name":"Last-Modified","Value":"Mon, 08 Dec 2025 21:02:35 GMT"},{"Name":"Vary","Value":"Accept-Encoding"}],"EndpointProperties":[{"Name":"integrity","Value":"sha256-jIxkGNT9Uj1aijYV0Muiqsf2DbQyvI/TWQbQMi9ZJ70="}]},{"Route":"assets/index-CwU-O_Th.css","AssetFile":"assets/index-CwU-O_Th.css.gz","Selectors":[{"Name":"Content-Encoding","Value":"gzip","Quality":"0.000028319787"}],"ResponseHeaders":[{"Name":"Cache-Control","Value":"no-cache"},{"Name":"Content-Encoding","Value":"gzip"},{"Name":"Content-Length","Value":"35310"},{"Name":"Content-Type","Value":"text/css"},{"Name":"ETag","Value":"\"ooJ9SFprcDWC219ezWhhhxk+lA7SpdVF80gNg9LOHm0=\""},{"Name":"ETag","Value":"W/\"jIxkGNT9Uj1aijYV0Muiqsf2DbQyvI/TWQbQMi9ZJ70=\""},{"Name":"Last-Modified","Value":"Mon, 08 Dec 2025 21:01:52 GMT"},{"Name":"Vary","Value":"Accept-Encoding"}],"EndpointProperties":[{"Name":"integrity","Value":"sha256-jIxkGNT9Uj1aijYV0Muiqsf2DbQyvI/TWQbQMi9ZJ70="}]},{"Route":"assets/index-CwU-O_Th.css","AssetFile":"assets/index-CwU-O_Th.css","Selectors":[],"ResponseHeaders":[{"Name":"Cache-Control","Value":"no-cache"},{"Name":"Content-Length","Value":"223585"},{"Name":"Content-Type","Value":"text/css"},{"Name":"ETag","Value":"\"jIxkGNT9Uj1aijYV0Muiqsf2DbQyvI/TWQbQMi9ZJ70=\""},{"Name":"Last-Modified","Value":"Mon, 08 Dec 2025 20:45:13 GMT"},{"Name":"Vary","Value":"Accept-Encoding"}],"EndpointProperties":[{"Name":"integrity","Value":"sha256-jIxkGNT9Uj1aijYV0Muiqsf2DbQyvI/TWQbQMi9ZJ70="}]},{"Route":"assets/index-CwU-O_Th.css.br","AssetFile":"assets/index-CwU-O_Th.css.br","Selectors":[],"ResponseHeaders":[{"Name":"Cache-Control","Value":"no-cache"},{"Name":"Content-Encoding","Value":"br"},{"Name":"Content-Length","Value":"26323"},{"Name":"Content-Type","Value":"text/css"},{"Name":"ETag","Value":"\"h/QLcaZilHkOXsOYkhkHdpW8QFrTRcuSZqU0Tyz5yHY=\""},{"Name":"Last-Modified","Value":"Mon, 08 Dec 2025 21:02:35 GMT"},{"Name":"Vary","Value":"Accept-Encoding"}],"EndpointProperties":[{"Name":"integrity","Value":"sha256-h/QLcaZilHkOXsOYkhkHdpW8QFrTRcuSZqU0Tyz5yHY="}]},{"Route":"assets/index-CwU-O_Th.css.gz","AssetFile":"assets/index-CwU-O_Th.css.gz","Selectors":[],"ResponseHeaders":[{"Name":"Cache-Control","Value":"no-cache"},{"Name":"Content-Encoding","Value":"gzip"},{"Name":"Content-Length","Value":"35310"},{"Name":"Content-Type","Value":"text/css"},{"Name":"ETag","Value":"\"ooJ9SFprcDWC219ezWhhhxk+lA7SpdVF80gNg9LOHm0=\""},{"Name":"Last-Modified","Value":"Mon, 08 Dec 2025 21:01:52 GMT"},{"Name":"Vary","Value":"Accept-Encoding"}],"EndpointProperties":[{"Name":"integrity","Value":"sha256-ooJ9SFprcDWC219ezWhhhxk+lA7SpdVF80gNg9LOHm0="}]},{"Route":"index.bu8wo3gtc2.html","AssetFile":"index.html.br","Selectors":[{"Name":"Content-Encoding","Value":"br","Quality":"0.003389830508"}],"ResponseHeaders":[{"Name":"Cache-Control","Value":"max-age=31536000, immutable"},{"Name":"Content-Encoding","Value":"br"},{"Name":"Content-Length","Value":"294"},{"Name":"Content-Type","Value":"text/html"},{"Name":"ETag","Value":"\"QVu3TVXo9Z8XjA0kcaBGVdlZmq1dK/WopUEyLXVZhQ4=\""},{"Name":"ETag","Value":"W/\"wzhAZl3QfvsO76rf9EM/un3ijY0SFVFmK5JER0QXMpU=\""},{"Name":"Last-Modified","Value":"Mon, 08 Dec 2025 21:02:34 GMT"},{"Name":"Vary","Value":"Accept-Encoding"}],"EndpointProperties":[{"Name":"fingerprint","Value":"bu8wo3gtc2"},{"Name":"integrity","Value":"sha256-wzhAZl3QfvsO76rf9EM/un3ijY0SFVFmK5JER0QXMpU="},{"Name":"label","Value":"index.html"}]},{"Route":"index.bu8wo3gtc2.html","AssetFile":"index.html.gz","Selectors":[{"Name":"Content-Encoding","Value":"gzip","Quality":"0.002392344498"}],"ResponseHeaders":[{"Name":"Cache-Control","Value":"max-age=31536000, immutable"},{"Name":"Content-Encoding","Value":"gzip"},{"Name":"Content-Length","Value":"417"},{"Name":"Content-Type","Value":"text/html"},{"Name":"ETag","Value":"\"b/Hz0pXalJ/8OqLZa1/7y8xdhd3qPUg4LuycUyKqupw=\""},{"Name":"ETag","Value":"W/\"wzhAZl3QfvsO76rf9EM/un3ijY0SFVFmK5JER0QXMpU=\""},{"Name":"Last-Modified","Value":"Mon, 08 Dec 2025 21:01:52 GMT"},{"Name":"Vary","Value":"Accept-Encoding"}],"EndpointProperties":[{"Name":"fingerprint","Value":"bu8wo3gtc2"},{"Name":"integrity","Value":"sha256-wzhAZl3QfvsO76rf9EM/un3ijY0SFVFmK5JER0QXMpU="},{"Name":"label","Value":"index.html"}]},{"Route":"index.bu8wo3gtc2.html","AssetFile":"index.html","Selectors":[],"ResponseHeaders":[{"Name":"Cache-Control","Value":"max-age=31536000, immutable"},{"Name":"Content-Length","Value":"752"},{"Name":"Content-Type","Value":"text/html"},{"Name":"ETag","Value":"\"wzhAZl3QfvsO76rf9EM/un3ijY0SFVFmK5JER0QXMpU=\""},{"Name":"Last-Modified","Value":"Mon, 08 Dec 2025 20:45:13 GMT"},{"Name":"Vary","Value":"Accept-Encoding"}],"EndpointProperties":[{"Name":"fingerprint","Value":"bu8wo3gtc2"},{"Name":"integrity","Value":"sha256-wzhAZl3QfvsO76rf9EM/un3ijY0SFVFmK5JER0QXMpU="},{"Name":"label","Value":"index.html"}]},{"Route":"index.bu8wo3gtc2.html.br","AssetFile":"index.html.br","Selectors":[],"ResponseHeaders":[{"Name":"Cache-Control","Value":"max-age=31536000, immutable"},{"Name":"Content-Encoding","Value":"br"},{"Name":"Content-Length","Value":"294"},{"Name":"Content-Type","Value":"text/html"},{"Name":"ETag","Value":"\"QVu3TVXo9Z8XjA0kcaBGVdlZmq1dK/WopUEyLXVZhQ4=\""},{"Name":"Last-Modified","Value":"Mon, 08 Dec 2025 21:02:34 GMT"},{"Name":"Vary","Value":"Accept-Encoding"}],"EndpointProperties":[{"Name":"fingerprint","Value":"bu8wo3gtc2"},{"Name":"integrity","Value":"sha256-QVu3TVXo9Z8XjA0kcaBGVdlZmq1dK/WopUEyLXVZhQ4="},{"Name":"label","Value":"index.html.br"}]},{"Route":"index.bu8wo3gtc2.html.gz","AssetFile":"index.html.gz","Selectors":[],"ResponseHeaders":[{"Name":"Cache-Control","Value":"max-age=31536000, immutable"},{"Name":"Content-Encoding","Value":"gzip"},{"Name":"Content-Length","Value":"417"},{"Name":"Content-Type","Value":"text/html"},{"Name":"ETag","Value":"\"b/Hz0pXalJ/8OqLZa1/7y8xdhd3qPUg4LuycUyKqupw=\""},{"Name":"Last-Modified","Value":"Mon, 08 Dec 2025 21:01:52 GMT"},{"Name":"Vary","Value":"Accept-Encoding"}],"EndpointProperties":[{"Name":"fingerprint","Value":"bu8wo3gtc2"},{"Name":"integrity","Value":"sha256-b/Hz0pXalJ/8OqLZa1/7y8xdhd3qPUg4LuycUyKqupw="},{"Name":"label","Value":"index.html.gz"}]},{"Route":"index.html","AssetFile":"index.html.br","Selectors":[{"Name":"Content-Encoding","Value":"br","Quality":"0.003389830508"}],"ResponseHeaders":[{"Name":"Cache-Control","Value":"no-cache"},{"Name":"Content-Encoding","Value":"br"},{"Name":"Content-Length","Value":"294"},{"Name":"Content-Type","Value":"text/html"},{"Name":"ETag","Value":"\"QVu3TVXo9Z8XjA0kcaBGVdlZmq1dK/WopUEyLXVZhQ4=\""},{"Name":"ETag","Value":"W/\"wzhAZl3QfvsO76rf9EM/un3ijY0SFVFmK5JER0QXMpU=\""},{"Name":"Last-Modified","Value":"Mon, 08 Dec 2025 21:02:34 GMT"},{"Name":"Vary","Value":"Accept-Encoding"}],"EndpointProperties":[{"Name":"integrity","Value":"sha256-wzhAZl3QfvsO76rf9EM/un3ijY0SFVFmK5JER0QXMpU="}]},{"Route":"index.html","AssetFile":"index.html.gz","Selectors":[{"Name":"Content-Encoding","Value":"gzip","Quality":"0.002392344498"}],"ResponseHeaders":[{"Name":"Cache-Control","Value":"no-cache"},{"Name":"Content-Encoding","Value":"gzip"},{"Name":"Content-Length","Value":"417"},{"Name":"Content-Type","Value":"text/html"},{"Name":"ETag","Value":"\"b/Hz0pXalJ/8OqLZa1/7y8xdhd3qPUg4LuycUyKqupw=\""},{"Name":"ETag","Value":"W/\"wzhAZl3QfvsO76rf9EM/un3ijY0SFVFmK5JER0QXMpU=\""},{"Name":"Last-Modified","Value":"Mon, 08 Dec 2025 21:01:52 GMT"},{"Name":"Vary","Value":"Accept-Encoding"}],"EndpointProperties":[{"Name":"integrity","Value":"sha256-wzhAZl3QfvsO76rf9EM/un3ijY0SFVFmK5JER0QXMpU="}]},{"Route":"index.html","AssetFile":"index.html","Selectors":[],"ResponseHeaders":[{"Name":"Cache-Control","Value":"no-cache"},{"Name":"Content-Length","Value":"752"},{"Name":"Content-Type","Value":"text/html"},{"Name":"ETag","Value":"\"wzhAZl3QfvsO76rf9EM/un3ijY0SFVFmK5JER0QXMpU=\""},{"Name":"Last-Modified","Value":"Mon, 08 Dec 2025 20:45:13 GMT"},{"Name":"Vary","Value":"Accept-Encoding"}],"EndpointProperties":[{"Name":"integrity","Value":"sha256-wzhAZl3QfvsO76rf9EM/un3ijY0SFVFmK5JER0QXMpU="}]},{"Route":"index.html.br","AssetFile":"index.html.br","Selectors":[],"ResponseHeaders":[{"Name":"Cache-Control","Value":"no-cache"},{"Name":"Content-Encoding","Value":"br"},{"Name":"Content-Length","Value":"294"},{"Name":"Content-Type","Value":"text/html"},{"Name":"ETag","Value":"\"QVu3TVXo9Z8XjA0kcaBGVdlZmq1dK/WopUEyLXVZhQ4=\""},{"Name":"Last-Modified","Value":"Mon, 08 Dec 2025 21:02:34 GMT"},{"Name":"Vary","Value":"Accept-Encoding"}],"EndpointProperties":[{"Name":"integrity","Value":"sha256-QVu3TVXo9Z8XjA0kcaBGVdlZmq1dK/WopUEyLXVZhQ4="}]},{"Route":"index.html.gz","AssetFile":"index.html.gz","Selectors":[],"ResponseHeaders":[{"Name":"Cache-Control","Value":"no-cache"},{"Name":"Content-Encoding","Value":"gzip"},{"Name":"Content-Length","Value":"417"},{"Name":"Content-Type","Value":"text/html"},{"Name":"ETag","Value":"\"b/Hz0pXalJ/8OqLZa1/7y8xdhd3qPUg4LuycUyKqupw=\""},{"Name":"Last-Modified","Value":"Mon, 08 Dec 2025 21:01:52 GMT"},{"Name":"Vary","Value":"Accept-Encoding"}],"EndpointProperties":[{"Name":"integrity","Value":"sha256-b/Hz0pXalJ/8OqLZa1/7y8xdhd3qPUg4LuycUyKqupw="}]}]}